{
    "rmse": 0.660344184994073,
    "mae": 0.5146716952809581,
    "r2": 0.2903541674171194
}