{
    "rmse": 0.6924551749887272,
    "mae": 0.5422141167916575,
    "r2": 0.23683248214353136
}